bc_max,bc_mean,bc_p90,clean_count_000,clean_count_030,clean_count_035,clean_count_040,clean_count_045,clean_count_050,closed_run_count,configured_clean_count,configured_g_domain_valid,configured_support_count,configured_support_domain_valid,configured_support_seed_count,configured_support_weight,error,g_domain_valid_000,g_domain_valid_030,g_domain_valid_035,g_domain_valid_040,g_domain_valid_045,g_domain_valid_050,item_name,num_prompt_runs,open_run_count,prompt_id,prompt_ref_len_sec,prompt_ref_len_valid,prompt_speech_ratio,prompt_speech_ratio_valid,raw_silent_token_count,sep_nonzero_count,source_silence_run_count,speaker,speech_run_count,split,support_count_000,support_count_030,support_count_035,support_count_040,support_count_045,support_count_050,support_domain_valid_000,support_domain_valid_030,support_domain_valid_035,support_domain_valid_040,support_domain_valid_045,support_domain_valid_050,support_seed_count_000,support_seed_count_030,support_seed_count_035,support_seed_count_040,support_seed_count_045,support_seed_count_050,support_weight_000,support_weight_030,support_weight_035,support_weight_040,support_weight_045,support_weight_050,valid_run_count
0.45548373460769653,0.24170413613319397,0.3895998239517213,14.0,2.0,2.0,2.0,1.0,0.0,14.0,0.0,0.0,12.0,1.0,14.0,0.0,,1.0,1.0,1.0,1.0,1.0,0.0,aba_train_arctic_a0009,14,0.0,arctic_a0009,3.640000104904175,1.0,1.0,1.0,0,0,0.0,aba,14.0,train,12.0,2.0,2.0,2.0,1.0,12.0,1.0,1.0,1.0,1.0,1.0,1.0,14.0,2.0,2.0,2.0,1.0,14.0,9.867162704467773,1.7776861190795898,1.7776861190795898,1.7776861190795898,0.8910967707633972,0.0,14.0
0.46970659494400024,0.24055150151252747,0.3381930738687515,16.0,3.0,1.0,1.0,1.0,0.0,16.0,0.0,0.0,14.0,1.0,16.0,0.0,,1.0,1.0,1.0,1.0,1.0,0.0,aba_train_arctic_a0010,16,0.0,arctic_a0010,3.880000114440918,1.0,1.0,1.0,0,0,0.0,aba,16.0,train,14.0,1.0,1.0,1.0,1.0,14.0,1.0,1.0,1.0,1.0,1.0,1.0,16.0,3.0,1.0,1.0,1.0,16.0,11.5344877243042,0.893941342830658,0.893941342830658,0.893941342830658,0.893941342830658,0.0,16.0
0.47843247652053833,0.24243701994419098,0.3828791856765747,29.0,6.0,5.0,2.0,1.0,0.0,29.0,0.0,0.0,27.0,1.0,29.0,0.0,,1.0,1.0,1.0,1.0,1.0,0.0,aba_train_arctic_a0011,29,0.0,arctic_a0011,3.759999990463257,1.0,1.0,1.0,0,0,0.0,aba,29.0,train,27.0,4.0,3.0,2.0,1.0,27.0,1.0,1.0,1.0,1.0,1.0,1.0,29.0,6.0,5.0,2.0,1.0,29.0,21.058956146240234,3.5027546882629395,2.637420892715454,1.7845419645309448,0.8956865072250366,0.0,29.0
0.48099470138549805,0.24265499413013458,0.38451772332191475,32.0,7.0,5.0,2.0,1.0,0.0,32.0,0.0,0.0,30.0,1.0,32.0,0.0,,1.0,1.0,1.0,1.0,1.0,0.0,aba_train_arctic_a0012,32,0.0,arctic_a0012,4.300000190734863,1.0,1.0,1.0,0,0,0.0,aba,32.0,train,30.0,5.0,3.0,2.0,1.0,30.0,1.0,1.0,1.0,1.0,1.0,1.0,32.0,7.0,5.0,2.0,1.0,32.0,23.339275360107422,4.389081954956055,2.6610066890716553,1.7816896438598633,0.8961989283561707,0.0,32.0
0.467710018157959,0.24311895668506622,0.37203181982040406,54.0,12.0,7.0,4.0,3.0,0.0,54.0,0.0,0.0,52.0,1.0,54.0,0.0,,1.0,1.0,1.0,1.0,1.0,0.0,aba_train_arctic_a0013,54,0.0,arctic_a0013,5.920000076293945,1.0,1.0,1.0,0,0,0.0,aba,54.0,train,52.0,10.0,5.0,2.0,1.0,52.0,1.0,1.0,1.0,1.0,1.0,1.0,54.0,12.0,7.0,4.0,3.0,54.0,38.99956512451172,8.777451515197754,4.427933216094971,1.7849019765853882,0.8935419917106628,0.0,54.0
0.4546239376068115,0.24349263310432434,0.4156951904296875,21.0,4.0,4.0,3.0,1.0,0.0,21.0,0.0,0.0,19.0,1.0,21.0,0.0,,1.0,1.0,1.0,1.0,1.0,0.0,aba_train_arctic_a0014,21,0.0,arctic_a0014,3.5999999046325684,1.0,1.0,1.0,0,0,0.0,aba,21.0,train,19.0,2.0,2.0,1.0,1.0,19.0,1.0,1.0,1.0,1.0,1.0,1.0,21.0,4.0,4.0,3.0,1.0,21.0,14.861739158630371,1.7758080959320068,1.7758080959320068,0.8909248113632202,0.8909248113632202,0.0,21.0
,,,,,,,,,,,,,,,,"minimal_v1 prompt conditioning rejects prompt conditioning for aba_train_arctic_a0015: ref_len_sec=2.400 outside [3.0, 8.0]",,,,,,,aba_train_arctic_a0015,,,arctic_a0015,,,,,,,,aba,,train,,,,,,,,,,,,,,,,,,,,,,,,,
0.48157015442848206,0.24223069846630096,0.3667278647422791,33.0,7.0,4.0,3.0,2.0,0.0,33.0,0.0,0.0,31.0,1.0,33.0,0.0,,1.0,1.0,1.0,1.0,1.0,0.0,aba_train_arctic_a0016,33,0.0,arctic_a0016,5.71999979019165,1.0,1.0,1.0,0,0,0.0,aba,33.0,train,31.0,5.0,2.0,1.0,2.0,31.0,1.0,1.0,1.0,1.0,1.0,1.0,33.0,7.0,4.0,3.0,2.0,33.0,24.440589904785156,4.38416862487793,1.7562732696533203,0.8818449378013611,1.7864960432052612,0.0,33.0
0.4838966727256775,0.24196863174438477,0.38630436658859263,32.0,7.0,6.0,3.0,1.0,0.0,32.0,0.0,0.0,30.0,1.0,32.0,0.0,,1.0,1.0,1.0,1.0,1.0,0.0,asi_train_arctic_a0009,32,0.0,arctic_a0009,3.240000009536743,1.0,1.0,1.0,0,0,0.0,asi,32.0,train,30.0,5.0,4.0,1.0,1.0,30.0,1.0,1.0,1.0,1.0,1.0,1.0,32.0,7.0,6.0,3.0,1.0,32.0,23.86493682861328,4.369104862213135,3.503612756729126,0.8835633993148804,0.8967793583869934,0.0,32.0
0.39740821719169617,0.24588294327259064,0.37762986123561865,22.0,6.0,4.0,0.0,0.0,0.0,22.0,0.0,0.0,20.0,1.0,22.0,0.0,,1.0,1.0,1.0,0.0,0.0,0.0,asi_train_arctic_a0010,22,0.0,arctic_a0010,3.2200000286102295,1.0,1.0,1.0,0,0,0.0,asi,22.0,train,20.0,4.0,2.0,20.0,20.0,20.0,1.0,1.0,1.0,1.0,1.0,1.0,22.0,6.0,4.0,22.0,22.0,22.0,16.369579315185547,3.496331214904785,1.7551493644714355,0.0,0.0,0.0,22.0
0.4535996913909912,0.2443113774061203,0.398428463935852,29.0,7.0,6.0,3.0,1.0,0.0,29.0,0.0,0.0,27.0,1.0,29.0,0.0,,1.0,1.0,1.0,1.0,1.0,0.0,asi_train_arctic_a0011,29,0.0,arctic_a0011,3.180000066757202,1.0,1.0,1.0,0,0,0.0,asi,29.0,train,27.0,5.0,4.0,1.0,1.0,27.0,1.0,1.0,1.0,1.0,1.0,1.0,29.0,7.0,6.0,3.0,1.0,29.0,21.05044174194336,4.3800764083862305,3.519432306289673,0.8907199501991272,0.8907199501991272,0.0,29.0
0.4739750027656555,0.24280299246311188,0.36975919008255015,27.0,6.0,3.0,3.0,1.0,0.0,27.0,0.0,0.0,25.0,1.0,27.0,0.0,,1.0,1.0,1.0,1.0,1.0,0.0,asi_train_arctic_a0012,27,0.0,arctic_a0012,3.059999942779541,1.0,1.0,1.0,0,0,0.0,asi,27.0,train,25.0,4.0,1.0,1.0,1.0,25.0,1.0,1.0,1.0,1.0,1.0,1.0,27.0,6.0,3.0,3.0,1.0,27.0,19.035602569580078,3.4832699298858643,0.8858325481414795,0.8858325481414795,0.8947950005531311,0.0,27.0
0.4876514673233032,0.24240072071552277,0.3587126135826111,52.0,12.0,7.0,3.0,2.0,0.0,52.0,0.0,0.0,50.0,1.0,52.0,0.0,,1.0,1.0,1.0,1.0,1.0,0.0,asi_train_arctic_a0013,52,0.0,arctic_a0013,4.21999979019165,1.0,1.0,1.0,0,0,0.0,asi,52.0,train,50.0,10.0,5.0,1.0,2.0,50.0,1.0,1.0,1.0,1.0,1.0,1.0,52.0,12.0,7.0,3.0,2.0,52.0,37.57071304321289,8.750560760498047,4.416550636291504,0.8975303173065186,1.7895984649658203,0.0,52.0
0.4760564863681793,0.24463409185409546,0.3763491988182068,37.0,7.0,5.0,3.0,1.0,0.0,37.0,0.0,0.0,35.0,1.0,37.0,0.0,,1.0,1.0,1.0,1.0,1.0,0.0,asi_train_arctic_a0014,37,0.0,arctic_a0014,3.700000047683716,1.0,1.0,1.0,0,0,0.0,asi,37.0,train,35.0,5.0,3.0,1.0,1.0,35.0,1.0,1.0,1.0,1.0,1.0,1.0,37.0,7.0,5.0,3.0,1.0,37.0,27.00995635986328,4.3947434425354,2.6459784507751465,0.8952113389968872,0.8952113389968872,0.0,37.0
,,,,,,,,,,,,,,,,"minimal_v1 prompt conditioning rejects prompt conditioning for asi_train_arctic_a0015: ref_len_sec=2.160 outside [3.0, 8.0]",,,,,,,asi_train_arctic_a0015,,,arctic_a0015,,,,,,,,asi,,train,,,,,,,,,,,,,,,,,,,,,,,,,
0.47512999176979065,0.24373015761375427,0.37899506092071533,35.0,8.0,6.0,2.0,1.0,0.0,35.0,0.0,0.0,33.0,1.0,35.0,0.0,,1.0,1.0,1.0,1.0,1.0,0.0,asi_train_arctic_a0016,35,0.0,arctic_a0016,3.9600000381469727,1.0,1.0,1.0,0,0,0.0,asi,35.0,train,33.0,6.0,4.0,2.0,1.0,33.0,1.0,1.0,1.0,1.0,1.0,1.0,35.0,8.0,6.0,2.0,1.0,35.0,25.864242553710938,5.2310380935668945,3.4986720085144043,1.7830500602722168,0.8950260281562805,0.0,35.0
0.43994754552841187,0.24365068972110748,0.40195153355598456,30.0,7.0,5.0,3.0,0.0,0.0,30.0,0.0,0.0,28.0,1.0,30.0,0.0,,1.0,1.0,1.0,1.0,0.0,0.0,bdl_train_arctic_a0009,30,0.0,arctic_a0009,3.2200000286102295,1.0,1.0,1.0,0,0,0.0,bdl,30.0,train,28.0,5.0,3.0,1.0,28.0,28.0,1.0,1.0,1.0,1.0,1.0,1.0,30.0,7.0,5.0,3.0,30.0,30.0,20.447574615478516,4.406923770904541,2.660557985305786,0.8879895210266113,0.0,0.0,30.0
0.4632170796394348,0.244330495595932,0.40945576429367064,29.0,5.0,5.0,5.0,1.0,0.0,29.0,0.0,0.0,27.0,1.0,29.0,0.0,,1.0,1.0,1.0,1.0,1.0,0.0,bdl_train_arctic_a0010,29,0.0,arctic_a0010,3.3399999141693115,1.0,1.0,1.0,0,0,0.0,bdl,29.0,train,27.0,3.0,3.0,3.0,1.0,27.0,1.0,1.0,1.0,1.0,1.0,1.0,29.0,5.0,5.0,5.0,1.0,29.0,20.490825653076172,2.659360647201538,2.659360647201538,2.659360647201538,0.8926434516906738,0.0,29.0
0.431007981300354,0.2446087747812271,0.4115258485078812,12.0,2.0,2.0,2.0,0.0,0.0,12.0,0.0,0.0,10.0,1.0,12.0,0.0,,1.0,1.0,1.0,1.0,0.0,0.0,bdl_train_arctic_a0011,12,0.0,arctic_a0011,3.119999885559082,1.0,1.0,1.0,0,0,0.0,bdl,12.0,train,10.0,2.0,2.0,2.0,10.0,10.0,1.0,1.0,1.0,1.0,1.0,1.0,12.0,2.0,2.0,2.0,12.0,12.0,7.899797439575195,1.7715480327606201,1.7715480327606201,1.7715480327606201,0.0,0.0,12.0
,,,,,,,,,,,,,,,,"minimal_v1 prompt conditioning rejects prompt conditioning for bdl_train_arctic_a0012: ref_len_sec=2.960 outside [3.0, 8.0]",,,,,,,bdl_train_arctic_a0012,,,arctic_a0012,,,,,,,,bdl,,train,,,,,,,,,,,,,,,,,,,,,,,,,
0.46809494495391846,0.2431146651506424,0.4169996857643128,35.0,6.0,5.0,5.0,1.0,0.0,35.0,0.0,0.0,33.0,1.0,35.0,0.0,,1.0,1.0,1.0,1.0,1.0,0.0,bdl_train_arctic_a0013,35,0.0,arctic_a0013,4.21999979019165,1.0,1.0,1.0,0,0,0.0,bdl,35.0,train,33.0,4.0,3.0,3.0,1.0,33.0,1.0,1.0,1.0,1.0,1.0,1.0,35.0,6.0,5.0,5.0,1.0,35.0,26.206941604614258,3.5325403213500977,2.6693763732910156,2.6693763732910156,0.8936190009117126,0.0,35.0
0.4799047112464905,0.24241335690021515,0.3849499344825745,28.0,6.0,4.0,3.0,1.0,0.0,28.0,0.0,0.0,26.0,1.0,28.0,0.0,,1.0,1.0,1.0,1.0,1.0,0.0,bdl_train_arctic_a0014,28,0.0,arctic_a0014,3.059999942779541,1.0,1.0,1.0,0,0,0.0,bdl,28.0,train,26.0,4.0,2.0,1.0,1.0,26.0,1.0,1.0,1.0,1.0,1.0,1.0,28.0,6.0,4.0,3.0,1.0,28.0,20.816877365112305,3.497321367263794,1.7661257982254028,0.8853840827941895,0.895980954170227,0.0,28.0
,,,,,,,,,,,,,,,,"minimal_v1 prompt conditioning rejects prompt conditioning for bdl_train_arctic_a0015: ref_len_sec=1.840 outside [3.0, 8.0]",,,,,,,bdl_train_arctic_a0015,,,arctic_a0015,,,,,,,,bdl,,train,,,,,,,,,,,,,,,,,,,,,,,,,
0.48869752883911133,0.2411702275276184,0.35725730657577515,39.0,7.0,5.0,3.0,1.0,0.0,39.0,0.0,0.0,37.0,1.0,39.0,0.0,,1.0,1.0,1.0,1.0,1.0,0.0,bdl_train_arctic_a0016,39,0.0,arctic_a0016,3.880000114440918,1.0,1.0,1.0,0,0,0.0,bdl,39.0,train,37.0,5.0,3.0,1.0,1.0,37.0,1.0,1.0,1.0,1.0,1.0,1.0,39.0,7.0,5.0,3.0,1.0,39.0,27.179821014404297,4.408303737640381,2.656064748764038,0.8863036632537842,0.8977395296096802,0.0,39.0
0.4618605375289917,0.24323460459709167,0.39754632711410526,35.0,7.0,6.0,4.0,2.0,0.0,35.0,0.0,0.0,33.0,1.0,35.0,0.0,,1.0,1.0,1.0,1.0,1.0,0.0,slt_train_arctic_a0009,35,0.0,arctic_a0009,3.0999999046325684,1.0,1.0,1.0,0,0,0.0,slt,35.0,train,33.0,5.0,4.0,2.0,2.0,33.0,1.0,1.0,1.0,1.0,1.0,1.0,35.0,7.0,6.0,4.0,2.0,35.0,24.041473388671875,4.403997898101807,3.541311502456665,1.7743334770202637,1.7835190296173096,0.0,35.0
0.44979703426361084,0.24486662447452545,0.3893917679786682,23.0,5.0,4.0,2.0,0.0,0.0,23.0,0.0,0.0,21.0,1.0,23.0,0.0,,1.0,1.0,1.0,1.0,0.0,0.0,slt_train_arctic_a0010,23,0.0,arctic_a0010,3.0199999809265137,1.0,1.0,1.0,0,0,0.0,slt,23.0,train,21.0,3.0,2.0,2.0,21.0,21.0,1.0,1.0,1.0,1.0,1.0,1.0,23.0,5.0,4.0,2.0,23.0,23.0,15.958077430725098,2.632331371307373,1.765819787979126,1.779791235923767,0.0,0.0,23.0
0.48032841086387634,0.24256309866905212,0.38356597423553473,38.0,9.0,8.0,3.0,1.0,0.0,38.0,0.0,0.0,36.0,1.0,38.0,0.0,,1.0,1.0,1.0,1.0,1.0,0.0,slt_train_arctic_a0011,38,0.0,arctic_a0011,3.059999942779541,1.0,1.0,1.0,0,0,0.0,slt,38.0,train,36.0,7.0,6.0,1.0,1.0,36.0,1.0,1.0,1.0,1.0,1.0,1.0,38.0,9.0,8.0,3.0,1.0,38.0,26.887033462524414,6.145444869995117,5.257704257965088,0.8805313110351562,0.8960657119750977,0.0,38.0
,,,,,,,,,,,,,,,,"minimal_v1 prompt conditioning rejects prompt conditioning for slt_train_arctic_a0012: ref_len_sec=2.840 outside [3.0, 8.0]",,,,,,,slt_train_arctic_a0012,,,arctic_a0012,,,,,,,,slt,,train,,,,,,,,,,,,,,,,,,,,,,,,,
0.480445921421051,0.24321506917476654,0.36623168289661406,44.0,10.0,7.0,3.0,2.0,0.0,44.0,0.0,0.0,42.0,1.0,44.0,0.0,,1.0,1.0,1.0,1.0,1.0,0.0,slt_train_arctic_a0013,44,0.0,arctic_a0013,3.5399999618530273,1.0,1.0,1.0,0,0,0.0,slt,44.0,train,42.0,8.0,5.0,1.0,2.0,42.0,1.0,1.0,1.0,1.0,1.0,1.0,44.0,10.0,7.0,3.0,2.0,44.0,32.28578567504883,7.012653350830078,4.3883466720581055,0.8960891962051392,1.7865195274353027,0.0,44.0
,,,,,,,,,,,,,,,,"minimal_v1 prompt conditioning rejects prompt conditioning for slt_train_arctic_a0014: ref_len_sec=2.900 outside [3.0, 8.0]",,,,,,,slt_train_arctic_a0014,,,arctic_a0014,,,,,,,,slt,,train,,,,,,,,,,,,,,,,,,,,,,,,,
,,,,,,,,,,,,,,,,"minimal_v1 prompt conditioning rejects prompt conditioning for slt_train_arctic_a0015: ref_len_sec=1.880 outside [3.0, 8.0]",,,,,,,slt_train_arctic_a0015,,,arctic_a0015,,,,,,,,slt,,train,,,,,,,,,,,,,,,,,,,,,,,,,
0.4876706600189209,0.24218051135540009,0.35046324133872986,40.0,8.0,5.0,3.0,1.0,0.0,40.0,0.0,0.0,38.0,1.0,40.0,0.0,,1.0,1.0,1.0,1.0,1.0,0.0,slt_train_arctic_a0016,40,0.0,arctic_a0016,3.5799999237060547,1.0,1.0,1.0,0,0,0.0,slt,40.0,train,38.0,6.0,3.0,1.0,1.0,38.0,1.0,1.0,1.0,1.0,1.0,1.0,40.0,8.0,5.0,3.0,1.0,40.0,27.72650146484375,5.251899719238281,2.6577842235565186,0.8896780014038086,0.8975341320037842,0.0,40.0
0.4473732113838196,0.24497705698013306,0.39057207107543945,15.0,5.0,3.0,2.0,0.0,0.0,15.0,0.0,0.0,13.0,1.0,15.0,0.0,,1.0,1.0,1.0,1.0,0.0,0.0,aba_valid_arctic_a0001,15,0.0,arctic_a0001,3.2200000286102295,1.0,1.0,1.0,0,0,0.0,aba,15.0,valid,13.0,3.0,1.0,2.0,13.0,13.0,1.0,1.0,1.0,1.0,1.0,1.0,15.0,5.0,3.0,2.0,15.0,15.0,10.39783000946045,2.64213228225708,0.8830513954162598,1.7725260257720947,0.0,0.0,15.0
0.447027325630188,0.2418852001428604,0.4267008602619171,30.0,5.0,5.0,4.0,0.0,0.0,30.0,0.0,0.0,28.0,1.0,30.0,0.0,,1.0,1.0,1.0,1.0,0.0,0.0,aba_valid_arctic_a0002,30,0.0,arctic_a0002,5.239999771118164,1.0,1.0,1.0,0,0,0.0,aba,30.0,valid,28.0,3.0,3.0,2.0,28.0,28.0,1.0,1.0,1.0,1.0,1.0,1.0,30.0,5.0,5.0,4.0,30.0,30.0,23.378292083740234,2.6495492458343506,2.6495492458343506,1.7787737846374512,0.0,0.0,30.0
0.4490956664085388,0.2457444667816162,0.37871502339839935,16.0,4.0,3.0,1.0,0.0,0.0,16.0,0.0,0.0,14.0,1.0,16.0,0.0,,1.0,1.0,1.0,1.0,0.0,0.0,aba_valid_arctic_a0003,16,0.0,arctic_a0003,4.940000057220459,1.0,1.0,1.0,0,0,0.0,aba,16.0,valid,14.0,2.0,1.0,1.0,14.0,14.0,1.0,1.0,1.0,1.0,1.0,1.0,16.0,4.0,3.0,1.0,16.0,16.0,11.276199340820312,1.75148606300354,0.8770030736923218,0.8898191452026367,0.0,0.0,16.0
0.3810945153236389,0.25061139464378357,0.37928385138511655,8.0,2.0,2.0,0.0,0.0,0.0,8.0,0.0,0.0,6.0,1.0,8.0,0.0,,1.0,1.0,1.0,0.0,0.0,0.0,aba_valid_arctic_a0004,8,0.0,arctic_a0004,3.380000114440918,1.0,1.0,1.0,0,0,0.0,aba,8.0,valid,6.0,2.0,2.0,6.0,6.0,6.0,1.0,1.0,1.0,1.0,1.0,1.0,8.0,2.0,2.0,8.0,8.0,8.0,5.119040489196777,1.751920461654663,1.751920461654663,0.0,0.0,0.0,8.0
0.46511340141296387,0.24280087649822235,0.3923557043075561,29.0,6.0,4.0,3.0,2.0,0.0,29.0,0.0,0.0,27.0,1.0,29.0,0.0,,1.0,1.0,1.0,1.0,1.0,0.0,asi_valid_arctic_a0001,29,0.0,arctic_a0001,3.119999885559082,1.0,1.0,1.0,0,0,0.0,asi,29.0,valid,27.0,4.0,2.0,1.0,2.0,27.0,1.0,1.0,1.0,1.0,1.0,1.0,29.0,6.0,4.0,3.0,2.0,29.0,20.759193420410156,3.5182008743286133,1.759922981262207,0.8824453353881836,1.7831902503967285,0.0,29.0
0.48054009675979614,0.2395866960287094,0.3714572936296463,26.0,4.0,3.0,3.0,1.0,0.0,26.0,0.0,0.0,24.0,1.0,26.0,0.0,,1.0,1.0,1.0,1.0,1.0,0.0,asi_valid_arctic_a0002,26,0.0,arctic_a0002,3.4800000190734863,1.0,1.0,1.0,0,0,0.0,asi,26.0,valid,24.0,2.0,1.0,1.0,1.0,24.0,1.0,1.0,1.0,1.0,1.0,1.0,26.0,4.0,3.0,3.0,1.0,26.0,18.8059024810791,1.775871992111206,0.8896640539169312,0.8896640539169312,0.8961080312728882,0.0,26.0
0.4562862813472748,0.24492540955543518,0.41568104028701786,27.0,7.0,4.0,4.0,1.0,0.0,27.0,0.0,0.0,25.0,1.0,27.0,0.0,,1.0,1.0,1.0,1.0,1.0,0.0,asi_valid_arctic_a0003,27,0.0,arctic_a0003,3.7200000286102295,1.0,1.0,1.0,0,0,0.0,asi,27.0,valid,25.0,5.0,2.0,2.0,1.0,25.0,1.0,1.0,1.0,1.0,1.0,1.0,27.0,7.0,4.0,4.0,1.0,27.0,19.964561462402344,4.386462211608887,1.7668614387512207,1.7668614387512207,0.8912572860717773,0.0,27.0
,,,,,,,,,,,,,,,,"minimal_v1 prompt conditioning rejects prompt conditioning for asi_valid_arctic_a0004: ref_len_sec=2.500 outside [3.0, 8.0]",,,,,,,asi_valid_arctic_a0004,,,arctic_a0004,,,,,,,,asi,,valid,,,,,,,,,,,,,,,,,,,,,,,,,
0.4580467939376831,0.24357984960079193,0.37263648211956024,26.0,5.0,3.0,3.0,2.0,0.0,26.0,0.0,0.0,24.0,1.0,26.0,0.0,,1.0,1.0,1.0,1.0,1.0,0.0,bdl_valid_arctic_a0001,26,0.0,arctic_a0001,3.240000009536743,1.0,1.0,1.0,0,0,0.0,bdl,26.0,valid,24.0,3.0,1.0,1.0,2.0,24.0,1.0,1.0,1.0,1.0,1.0,1.0,26.0,5.0,3.0,3.0,2.0,26.0,18.813383102416992,2.6396448612213135,0.8905901908874512,0.8905901908874512,1.7821996212005615,0.0,26.0
0.47284334897994995,0.24170009791851044,0.33551012575626377,14.0,3.0,1.0,1.0,1.0,0.0,14.0,0.0,0.0,12.0,1.0,14.0,0.0,,1.0,1.0,1.0,1.0,1.0,0.0,bdl_valid_arctic_a0002,14,0.0,arctic_a0002,3.380000114440918,1.0,1.0,1.0,0,0,0.0,bdl,14.0,valid,12.0,1.0,1.0,1.0,1.0,12.0,1.0,1.0,1.0,1.0,1.0,1.0,14.0,3.0,1.0,1.0,1.0,14.0,9.262774467468262,0.894568681716919,0.894568681716919,0.894568681716919,0.894568681716919,0.0,14.0
0.4560919404029846,0.2449091374874115,0.3962671458721161,38.0,9.0,8.0,3.0,1.0,0.0,38.0,0.0,0.0,36.0,1.0,38.0,0.0,,1.0,1.0,1.0,1.0,1.0,0.0,bdl_valid_arctic_a0003,38,0.0,arctic_a0003,3.380000114440918,1.0,1.0,1.0,0,0,0.0,bdl,38.0,valid,36.0,7.0,6.0,1.0,1.0,36.0,1.0,1.0,1.0,1.0,1.0,1.0,38.0,9.0,8.0,3.0,1.0,38.0,28.439420700073242,6.149538993835449,5.286003112792969,0.8816950917243958,0.8912184238433838,0.0,38.0
,,,,,,,,,,,,,,,,"minimal_v1 prompt conditioning rejects prompt conditioning for bdl_valid_arctic_a0004: ref_len_sec=2.580 outside [3.0, 8.0]",,,,,,,bdl_valid_arctic_a0004,,,arctic_a0004,,,,,,,,bdl,,valid,,,,,,,,,,,,,,,,,,,,,,,,,
0.4637618064880371,0.24111397564411163,0.42033076882362364,37.0,7.0,6.0,5.0,3.0,0.0,37.0,0.0,0.0,35.0,1.0,37.0,0.0,,1.0,1.0,1.0,1.0,1.0,0.0,slt_valid_arctic_a0001,37,0.0,arctic_a0001,3.359999895095825,1.0,1.0,1.0,0,0,0.0,slt,37.0,valid,35.0,5.0,4.0,3.0,1.0,35.0,1.0,1.0,1.0,1.0,1.0,1.0,37.0,7.0,6.0,5.0,3.0,37.0,25.39873695373535,4.402313232421875,3.5323774814605713,2.660674571990967,0.8920555114746094,0.0,37.0
0.46386799216270447,0.24471107125282288,0.38200543522834784,38.0,10.0,7.0,3.0,1.0,0.0,38.0,0.0,0.0,36.0,1.0,38.0,0.0,,1.0,1.0,1.0,1.0,1.0,0.0,slt_valid_arctic_a0002,38,0.0,arctic_a0002,3.759999990463257,1.0,1.0,1.0,0,0,0.0,slt,38.0,valid,36.0,8.0,5.0,1.0,1.0,36.0,1.0,1.0,1.0,1.0,1.0,1.0,38.0,10.0,7.0,3.0,1.0,38.0,26.336692810058594,7.0076398849487305,4.404436111450195,0.8881173133850098,0.8927736282348633,0.0,38.0
0.4570503234863281,0.24407266080379486,0.3909472763538361,33.0,8.0,5.0,3.0,2.0,0.0,33.0,0.0,0.0,31.0,1.0,33.0,0.0,,1.0,1.0,1.0,1.0,1.0,0.0,slt_valid_arctic_a0003,33,0.0,arctic_a0003,3.2200000286102295,1.0,1.0,1.0,0,0,0.0,slt,33.0,valid,31.0,6.0,3.0,1.0,2.0,31.0,1.0,1.0,1.0,1.0,1.0,1.0,33.0,8.0,5.0,3.0,2.0,33.0,23.529170989990234,5.236812591552734,2.6409220695495605,0.886037290096283,1.781708002090454,0.0,33.0
,,,,,,,,,,,,,,,,"minimal_v1 prompt conditioning rejects prompt conditioning for slt_valid_arctic_a0004: ref_len_sec=2.520 outside [3.0, 8.0]",,,,,,,slt_valid_arctic_a0004,,,arctic_a0004,,,,,,,,slt,,valid,,,,,,,,,,,,,,,,,,,,,,,,,
,,,,,,,,,,,,,,,,"minimal_v1 prompt conditioning rejects prompt conditioning for aba_test_arctic_a0005: ref_len_sec=2.400 outside [3.0, 8.0]",,,,,,,aba_test_arctic_a0005,,,arctic_a0005,,,,,,,,aba,,test,,,,,,,,,,,,,,,,,,,,,,,,,
0.4723670482635498,0.24362175166606903,0.370206356048584,24.0,6.0,4.0,2.0,1.0,0.0,24.0,0.0,0.0,22.0,1.0,24.0,0.0,,1.0,1.0,1.0,1.0,1.0,0.0,aba_test_arctic_a0006,24,0.0,arctic_a0006,4.760000228881836,1.0,1.0,1.0,0,0,0.0,aba,24.0,test,22.0,4.0,2.0,2.0,1.0,22.0,1.0,1.0,1.0,1.0,1.0,1.0,24.0,6.0,4.0,2.0,1.0,24.0,17.17240333557129,3.5264134407043457,1.7693564891815186,1.7794532775878906,0.8944734334945679,0.0,24.0
0.4904465973377228,0.24102617800235748,0.3524286180734635,44.0,9.0,5.0,2.0,2.0,0.0,44.0,0.0,0.0,42.0,1.0,44.0,0.0,,1.0,1.0,1.0,1.0,1.0,0.0,aba_test_arctic_a0007,44,0.0,arctic_a0007,5.0,1.0,1.0,1.0,0,0,0.0,aba,44.0,test,42.0,7.0,3.0,2.0,2.0,42.0,1.0,1.0,1.0,1.0,1.0,1.0,44.0,9.0,5.0,2.0,2.0,44.0,32.3036994934082,6.127123832702637,2.6636741161346436,1.7901811599731445,1.7901811599731445,0.0,44.0
0.4555119276046753,0.24244919419288635,0.36887502670288086,11.0,2.0,2.0,1.0,1.0,0.0,11.0,0.0,0.0,9.0,1.0,11.0,0.0,,1.0,1.0,1.0,1.0,1.0,0.0,aba_test_arctic_a0008,11,0.0,arctic_a0008,3.180000066757202,1.0,1.0,1.0,0,0,0.0,aba,11.0,test,9.0,2.0,2.0,1.0,1.0,9.0,1.0,1.0,1.0,1.0,1.0,1.0,11.0,2.0,2.0,1.0,1.0,11.0,7.644291877746582,1.7648773193359375,1.7648773193359375,0.8911023736000061,0.8911023736000061,0.0,11.0
,,,,,,,,,,,,,,,,"minimal_v1 prompt conditioning rejects prompt conditioning for asi_test_arctic_a0005: ref_len_sec=1.440 outside [3.0, 8.0]",,,,,,,asi_test_arctic_a0005,,,arctic_a0005,,,,,,,,asi,,test,,,,,,,,,,,,,,,,,,,,,,,,,
0.4582352638244629,0.24579398334026337,0.38800070583820345,24.0,6.0,4.0,1.0,1.0,0.0,24.0,0.0,0.0,22.0,1.0,24.0,0.0,,1.0,1.0,1.0,1.0,1.0,0.0,asi_test_arctic_a0006,24,0.0,arctic_a0006,3.380000114440918,1.0,1.0,1.0,0,0,0.0,asi,24.0,test,22.0,4.0,2.0,1.0,1.0,22.0,1.0,1.0,1.0,1.0,1.0,1.0,24.0,6.0,4.0,1.0,1.0,24.0,18.36783218383789,3.5250332355499268,1.755728006362915,0.8916470408439636,0.8916470408439636,0.0,24.0
0.4579682946205139,0.24371376633644104,0.3909909248352052,25.0,6.0,3.0,3.0,1.0,0.0,25.0,0.0,0.0,23.0,1.0,25.0,0.0,,1.0,1.0,1.0,1.0,1.0,0.0,asi_test_arctic_a0007,25,0.0,arctic_a0007,3.059999942779541,1.0,1.0,1.0,0,0,0.0,asi,25.0,test,23.0,4.0,1.0,1.0,1.0,23.0,1.0,1.0,1.0,1.0,1.0,1.0,25.0,6.0,3.0,3.0,1.0,25.0,17.97095489501953,3.5070881843566895,0.8841622471809387,0.8841622471809387,0.8915936946868896,0.0,25.0
,,,,,,,,,,,,,,,,"minimal_v1 prompt conditioning rejects prompt conditioning for asi_test_arctic_a0008: ref_len_sec=2.320 outside [3.0, 8.0]",,,,,,,asi_test_arctic_a0008,,,arctic_a0008,,,,,,,,asi,,test,,,,,,,,,,,,,,,,,,,,,,,,,
,,,,,,,,,,,,,,,,"minimal_v1 prompt conditioning rejects prompt conditioning for bdl_test_arctic_a0005: ref_len_sec=1.300 outside [3.0, 8.0]",,,,,,,bdl_test_arctic_a0005,,,arctic_a0005,,,,,,,,bdl,,test,,,,,,,,,,,,,,,,,,,,,,,,,
0.45253199338912964,0.24516834318637848,0.36318103671073915,22.0,6.0,4.0,2.0,1.0,0.0,22.0,0.0,0.0,20.0,1.0,22.0,0.0,,1.0,1.0,1.0,1.0,1.0,0.0,bdl_test_arctic_a0006,22,0.0,arctic_a0006,3.059999942779541,1.0,1.0,1.0,0,0,0.0,bdl,22.0,test,20.0,4.0,2.0,2.0,1.0,20.0,1.0,1.0,1.0,1.0,1.0,1.0,22.0,6.0,4.0,2.0,1.0,22.0,16.367158889770508,3.515913486480713,1.761614441871643,1.7793165445327759,0.890506386756897,0.0,22.0
0.4916529655456543,0.24008898437023163,0.32396964728832256,32.0,4.0,3.0,3.0,1.0,0.0,32.0,0.0,0.0,30.0,1.0,32.0,0.0,,1.0,1.0,1.0,1.0,1.0,0.0,bdl_test_arctic_a0007,32,0.0,arctic_a0007,3.0399999618530273,1.0,1.0,1.0,0,0,0.0,bdl,32.0,test,30.0,2.0,1.0,1.0,1.0,30.0,1.0,1.0,1.0,1.0,1.0,1.0,32.0,4.0,3.0,3.0,1.0,32.0,22.697595596313477,1.7476221323013306,0.8820169568061829,0.8820169568061829,0.8983306288719177,0.0,32.0
,,,,,,,,,,,,,,,,"minimal_v1 prompt conditioning rejects prompt conditioning for bdl_test_arctic_a0008: ref_len_sec=2.200 outside [3.0, 8.0]",,,,,,,bdl_test_arctic_a0008,,,arctic_a0008,,,,,,,,bdl,,test,,,,,,,,,,,,,,,,,,,,,,,,,
,,,,,,,,,,,,,,,,"minimal_v1 prompt conditioning rejects prompt conditioning for slt_test_arctic_a0005: ref_len_sec=1.500 outside [3.0, 8.0]",,,,,,,slt_test_arctic_a0005,,,arctic_a0005,,,,,,,,slt,,test,,,,,,,,,,,,,,,,,,,,,,,,,
,,,,,,,,,,,,,,,,"minimal_v1 prompt conditioning rejects prompt conditioning for slt_test_arctic_a0006: ref_len_sec=2.980 outside [3.0, 8.0]",,,,,,,slt_test_arctic_a0006,,,arctic_a0006,,,,,,,,slt,,test,,,,,,,,,,,,,,,,,,,,,,,,,
0.48631376028060913,0.24128377437591553,0.3891630649566651,40.0,8.0,5.0,4.0,1.0,0.0,40.0,0.0,0.0,38.0,1.0,40.0,0.0,,1.0,1.0,1.0,1.0,1.0,0.0,slt_test_arctic_a0007,40,0.0,arctic_a0007,3.0199999809265137,1.0,1.0,1.0,0,0,0.0,slt,40.0,test,38.0,6.0,3.0,2.0,1.0,38.0,1.0,1.0,1.0,1.0,1.0,1.0,40.0,8.0,5.0,4.0,1.0,40.0,27.055435180664062,5.258975982666016,2.6578619480133057,1.7806460857391357,0.8972627520561218,0.0,40.0
,,,,,,,,,,,,,,,,"minimal_v1 prompt conditioning rejects prompt conditioning for slt_test_arctic_a0008: ref_len_sec=2.300 outside [3.0, 8.0]",,,,,,,slt_test_arctic_a0008,,,arctic_a0008,,,,,,,,slt,,test,,,,,,,,,,,,,,,,,,,,,,,,,
